--
-- PostgreSQL database dump
--

-- Dumped from database version 14.5 (Ubuntu 14.5-1ubuntu1)
-- Dumped by pg_dump version 14.5 (Ubuntu 14.5-1ubuntu1)

SET statement_timeout = 0;
SET lock_timeout = 0;
SET idle_in_transaction_session_timeout = 0;
SET client_encoding = 'UTF8';
SET standard_conforming_strings = on;
SELECT pg_catalog.set_config('search_path', '', false);
SET check_function_bodies = false;
SET xmloption = content;
SET client_min_messages = warning;
SET row_security = off;

SET default_tablespace = '';

SET default_table_access_method = heap;

--
-- Name: auth_user; Type: TABLE; Schema: public; Owner: fooser
--

CREATE TABLE public.auth_user (
    id bigint NOT NULL,
    email character varying(255) NOT NULL,
    email_search character varying(255) NOT NULL,
    first_name character varying(255) NOT NULL,
    last_name character varying(255) NOT NULL,
    password character varying(255) NOT NULL,
    roles character varying(255) NOT NULL
);


ALTER TABLE public.auth_user OWNER TO fooser;

--
-- Name: auth_user_id_seq; Type: SEQUENCE; Schema: public; Owner: fooser
--

ALTER TABLE public.auth_user ALTER COLUMN id ADD GENERATED BY DEFAULT AS IDENTITY (
    SEQUENCE NAME public.auth_user_id_seq
    START WITH 1
    INCREMENT BY 1
    NO MINVALUE
    NO MAXVALUE
    CACHE 1
);


--
-- Name: game; Type: TABLE; Schema: public; Owner: fooser
--

CREATE TABLE public.game (
    id bigint NOT NULL,
    closed timestamp without time zone,
    finished timestamp without time zone,
    game_date timestamp without time zone NOT NULL,
    game_type integer,
    result1 integer,
    result2 integer,
    team1_id bigint NOT NULL,
    team2_id bigint NOT NULL
);


ALTER TABLE public.game OWNER TO fooser;

--
-- Name: game_id_seq; Type: SEQUENCE; Schema: public; Owner: fooser
--

ALTER TABLE public.game ALTER COLUMN id ADD GENERATED BY DEFAULT AS IDENTITY (
    SEQUENCE NAME public.game_id_seq
    START WITH 1
    INCREMENT BY 1
    NO MINVALUE
    NO MAXVALUE
    CACHE 1
);


--
-- Name: guess; Type: TABLE; Schema: public; Owner: fooser
--

CREATE TABLE public.guess (
    id bigint NOT NULL,
    outcome integer,
    place integer,
    points integer,
    result1 integer,
    result2 integer,
    game_id bigint,
    user_id bigint
);


ALTER TABLE public.guess OWNER TO fooser;

--
-- Name: guess_id_seq; Type: SEQUENCE; Schema: public; Owner: fooser
--

ALTER TABLE public.guess ALTER COLUMN id ADD GENERATED BY DEFAULT AS IDENTITY (
    SEQUENCE NAME public.guess_id_seq
    START WITH 1
    INCREMENT BY 1
    NO MINVALUE
    NO MAXVALUE
    CACHE 1
);


--
-- Name: points; Type: TABLE; Schema: public; Owner: fooser
--

CREATE TABLE public.points (
    id bigint NOT NULL,
    correct integer NOT NULL,
    correct_alone integer NOT NULL,
    incorrect integer NOT NULL,
    not_given integer NOT NULL,
    outcomes integer NOT NULL,
    place integer NOT NULL,
    total integer NOT NULL
);


ALTER TABLE public.points OWNER TO fooser;

--
-- Name: team; Type: TABLE; Schema: public; Owner: fooser
--

CREATE TABLE public.team (
    id bigint NOT NULL,
    long_code character varying(255),
    name character varying(255),
    short_code character varying(255)
);


ALTER TABLE public.team OWNER TO fooser;

--
-- Name: team_id_seq; Type: SEQUENCE; Schema: public; Owner: fooser
--

ALTER TABLE public.team ALTER COLUMN id ADD GENERATED BY DEFAULT AS IDENTITY (
    SEQUENCE NAME public.team_id_seq
    START WITH 1
    INCREMENT BY 1
    NO MINVALUE
    NO MAXVALUE
    CACHE 1
);


--
-- Data for Name: auth_user; Type: TABLE DATA; Schema: public; Owner: fooser
--

COPY public.auth_user (id, email, email_search, first_name, last_name, password, roles) FROM stdin;
1	auruxxas.ar@gmail.com	AURUXXAS.AR@GMAIL.COM	Aurimas	Arlauskas	$2a$10$WvLkFJLA0.HWorxf9G5Nfe/aIhHYfUQzZrqzS2CzOMz.19ncmyRw2	player|admin
4	evaldas.saulius@gmail.com	EVALDAS.SAULIUS@GMAIL.COM	Evaldas 	Saulius 	$2a$10$TPs2pOyY4foxcPaG47.E0epJPzyrW.9zER7Icg/yI6CMM5LWsK4B.	player
5	eivydassaulius@gmail.com	EIVYDASSAULIUS@GMAIL.COM	Eivys	Saulius	$2a$10$gDVr7RaVUFv5RKatK2f03.MUpkY49j6J.Thzrjvcun.Yrc5tF5Aei	player
6	arlauskieneedita@gmail.com	ARLAUSKIENEEDITA@GMAIL.COM	Edita	Arlauskienė	$2a$10$aD6/SaI65bFUCQjb5aN8Su6Be3N4zFcWMT6YuQm8L0t8kAKz3KB6a	player
7	gintaras.ar69@gmail.com	GINTARAS.AR69@GMAIL.COM	Gintaras	Arlauskas	$2a$10$.2sbrEWKMLdGUQqpl4kKYuKRzQ/.PnH/xE5vpZYzpFepd4iWh75nq	player
9	simasarlauskas@gmail.com	SIMASARLAUSKAS@GMAIL.COM	Simas	Arlauskas	$2a$10$ebLwKJctv9hO/uwuN9LWkOlHl3kzNouaVwtqQuanXR7efT4LmBS7G	player
10	ieva.neverauskaite@gmail.com	IEVA.NEVERAUSKAITE@GMAIL.COM	Ieva	Neverauskaitė	$2a$10$FYwYaAkzyXDiVMB9jjxxbeAY.bBOqkWrYGqYnEpPCjCVcJWSChl.W	player
11	raimondas.arlauskas@gmail.com	RAIMONDAS.ARLAUSKAS@GMAIL.COM	Raimondas	Arlauskas	$2a$10$PBpV5JhH2Bx2kOViFq.jRO2Z6vp7bVdmqEE53KTH7Mx1BPe1Q/IOK	player
12	daina.sauliene@gmail.com	DAINA.SAULIENE@GMAIL.COM	Daina	Saulienė	$2a$10$9Cp/zBPM2QsOwETlYJBsCOirNAybAfEXYYApMDI80Jx69PaK2nJZe	player
2	aivaras.saulius@gmail.com	AIVARAS.SAULIUS@GMAIL.COM	Aivaras	Saulius	$2a$10$RU6m4jyXsU5I9hzg.VJfuevWnj1.nh427Rmlx98LYsofaVAPjxvJ2	player|admin
13	tomasaulius@gmail.com	TOMASAULIUS@GMAIL.COM	Tomas	Saulius	$2a$10$d0yJwVFuDbjlZjm0aswi3ul.fk.mrxmYgcMc2VQBXueYexc1e1ZRu	player|admin
14	vincasz@yahoo.com	VINCASZ@YAHOO.COM	Vincas	Zaščižinskas	$2a$10$2FlRV1ZWlOKbOkgqZLu6qeJ1YWXOSoDBqkE3dIkQMXwbf8wooNN8m	player
15	ula.kotrynaz@gmail.com	ULA.KOTRYNAZ@GMAIL.COM	Ūla_kotryna	Zaščižinskaitė	$2a$10$QDHYzbbYVCUhEYnAqbIPTeFqCxgL9ivXrbG/woyKO3RMSuRkLUOza	player
16	indredegesyte@yahoo.com	INDREDEGESYTE@YAHOO.COM	Indrė	Zaščižinskė	$2a$10$YIF1RoH001XtCZSCDNZ89O1bnhB23NKFzN9zuobwtRwlJ/Jfk8ZV6	player
17	pri.irmi@icloud.com	PRI.IRMI@ICLOUD.COM	Irmina	Pri	$2a$10$TO1xpYt4x.y4MuHsZAcwEe8mr6eWzf1LAKfdZGmUtT8Wy2f3yPdUy	player
18	arlauskaiteevita@gmail.com	ARLAUSKAITEEVITA@GMAIL.COM	Evita	Arlauskaite	$2a$10$eEObMpO3Zh42.95h/IS0cO6b9kU/Ro947jV.tUmf6Wc//xtEpldJW	player
19	andriuszsc@gmail.com	ANDRIUSZSC@GMAIL.COM	Andrius 	Zaščižinskas 	$2a$10$.mzkAjG5CBh3lio30QtzkufbIM30AkmwjD3Dlq1NvlGkNn3ng8QvS	player
8	arlauskas.edgaras@yahoo.vom	ARLAUSKAS.EDGARAS@YAHOO.VOM	Edgaras	Arlauskas	$2a$10$D4F.LXOIM18B0NL5L7W8bO7tg39fwQ7HoN2P5sfGKDWiMKsXdXRAy	player|admin
3	tanjamilososka@gmail.com	TANJAMILOSOSKA@GMAIL.COM	Tanja 	Miloshoska	$2a$10$u56/55d/0l3kKkUPnoAyWOWqJ5ipH4XQGMmlm4/qS4C9FgwvplCHq	player|admin
\.


--
-- Data for Name: game; Type: TABLE DATA; Schema: public; Owner: fooser
--

COPY public.game (id, closed, finished, game_date, game_type, result1, result2, team1_id, team2_id) FROM stdin;
58	2022-12-21 16:08:00.003034	2022-12-09 21:58:45.906	2022-12-09 21:00:00	0	5	6	28	33
60	2022-12-21 16:08:00.003034	2022-12-09 17:48:41.345	2022-12-09 17:00:00	0	5	3	48	49
57	2022-12-21 16:08:00.003034	2022-12-06 20:53:43.048	2022-12-06 21:00:00	0	6	1	53	51
54	2022-12-21 16:08:00.003034	2022-12-05 17:47:54.35	2022-12-05 17:00:00	0	2	4	44	48
46	2022-12-21 16:08:00.003034	2022-12-02 16:54:33.812	2022-12-02 17:00:00	0	2	1	56	53
42	2022-12-21 16:08:00.003034	2022-12-01 16:55:26.406	2022-12-01 17:00:00	0	0	0	48	45
43	2022-12-21 16:08:00.003034	2022-12-01 16:55:57.546	2022-12-01 17:00:00	0	1	2	46	47
36	2022-12-21 16:08:00.003034	2022-11-29 21:03:31.728	2022-11-29 21:00:00	0	0	1	30	31
34	2022-12-21 16:08:00.003034	2022-11-29 16:59:56.262	2022-11-29 17:00:00	0	1	2	26	27
33	2022-12-21 16:08:00.003034	2022-11-28 20:59:37.941	2022-11-28 21:00:00	0	2	0	53	55
31	2022-12-21 16:08:00.003034	2022-11-28 15:01:36.959	2022-11-28 15:00:00	0	2	3	56	54
39	2022-12-21 16:08:00.003034	2022-11-30 16:57:00.036	2022-11-30 17:00:00	0	1	0	38	39
16	2022-12-21 16:08:00.003034	2022-11-24 18:00:08.286	2022-11-24 18:00:00	0	3	2	53	54
48	2022-12-21 16:08:00.003034	2022-12-02 21:04:05.774	2022-12-02 21:00:00	0	2	3	50	51
8	2022-12-21 16:08:00.003034	2022-11-22 16:02:18.93	2022-11-22 15:00:00	0	0	0	39	40
51	2022-12-21 16:08:00.003034	2022-12-04 20:54:18.935	2022-12-04 21:00:00	0	3	0	29	27
55	2022-12-21 16:08:00.003034	2022-12-06 17:48:19.35	2022-12-06 16:00:00	0	3	0	47	41
15	2022-12-21 16:08:00.003034	2022-11-24 14:55:18.924	2022-11-24 15:00:00	0	0	0	55	56
7	2022-12-21 16:08:00.003034	2022-11-22 17:57:24.25	2022-11-22 18:00:00	0	0	0	35	36
5	2022-12-21 16:08:00.003034	2022-11-21 21:01:29.445	2022-11-21 21:00:00	0	1	1	31	32
9	2022-12-21 16:08:00.003034	2022-11-22 21:00:51.296	2022-11-22 21:00:00	0	4	1	37	38
61	2022-12-21 16:08:00.003034	2022-12-10 16:58:00.69	2022-12-10 17:00:00	0	1	0	47	53
47	2022-12-21 16:08:00.003034	2022-12-02 17:03:52.895	2022-12-02 17:00:00	0	0	2	54	55
49	2022-12-21 16:08:00.003034	2022-12-02 21:03:24.989	2022-12-02 21:00:00	0	1	0	52	49
59	2022-12-21 16:08:00.003034	2022-12-10 21:02:51.484	2022-12-10 21:00:00	0	1	2	29	37
62	2022-12-21 16:08:00.003034	2022-12-13 20:57:15.006	2022-12-13 21:00:00	0	3	0	33	48
21	2022-12-21 16:08:00.003034	2022-11-25 20:52:45.277	2022-11-25 21:00:00	0	0	0	29	31
18	2022-12-21 16:08:00.003034	2022-11-25 12:02:59.681	2022-11-25 12:00:00	0	0	2	32	30
64	2022-12-21 16:08:00.003034	2022-12-17 16:55:14.502	2022-12-17 17:00:00	0	2	1	48	47
63	2022-12-21 16:08:00.003034	2022-12-14 20:55:36.91	2022-12-14 21:00:00	0	2	0	37	47
12	2022-12-21 16:08:00.003034	2022-11-23 20:55:58.346	2022-11-23 21:00:00	0	1	0	45	46
11	2022-12-21 16:08:00.003034	2022-11-23 18:20:06.686	2022-11-23 18:00:00	0	7	0	41	42
26	2022-12-21 16:08:00.003034	2022-11-27 11:54:28.426	2022-11-27 12:00:00	0	0	1	44	42
22	2022-12-21 16:08:00.003034	2022-11-26 12:22:18.406	2022-11-26 12:00:00	0	0	1	40	38
23	2022-12-21 16:08:00.003034	2022-11-26 15:04:04.996	2022-11-26 15:00:00	0	2	0	36	34
40	2022-12-21 16:08:00.003034	2022-11-30 20:56:36.09	2022-11-30 21:00:00	0	0	2	36	33
41	2022-12-21 16:08:00.003034	2022-11-30 21:00:44.508	2022-11-30 21:00:00	0	1	2	34	35
30	2022-12-21 16:08:00.003034	2022-11-28 12:01:11.995	2022-11-28 12:00:00	0	3	3	52	50
44	2022-12-21 16:08:00.003034	2022-12-01 20:55:11.803	2022-12-01 21:00:00	0	2	1	44	41
38	2022-12-21 16:08:00.003034	2022-11-30 17:01:00.822	2022-11-30 17:00:00	0	1	0	40	37
2	2022-12-21 16:08:00.003034	2022-11-20 18:01:19.523	2022-11-20 18:00:00	0	0	2	25	26
3	2022-12-21 16:08:00.003034	2022-11-21 15:15:16.624	2022-11-21 15:00:00	0	6	2	29	30
13	2022-12-21 16:08:00.003034	2022-11-23 14:59:51.942	2022-11-23 15:00:00	0	1	2	43	44
14	2022-12-21 16:08:00.003034	2022-11-24 11:58:30.124	2022-11-24 12:00:00	0	1	0	51	52
32	2022-12-21 16:08:00.003034	2022-11-28 17:53:49.183	2022-11-28 18:00:00	0	1	0	49	51
35	2022-12-21 16:08:00.003034	2022-11-29 16:56:43.143	2022-11-29 17:00:00	0	2	0	28	25
37	2022-12-21 16:08:00.003034	2022-11-29 20:55:08.642	2022-11-29 21:00:00	0	0	3	32	29
50	2022-12-21 16:08:00.003034	2022-12-03 17:08:50.647	2022-12-03 17:00:00	0	3	1	28	31
52	2022-12-21 16:08:00.003034	2022-12-03 21:20:56.468	2022-12-03 21:00:00	0	2	1	33	38
53	2022-12-21 16:08:00.003034	2022-12-04 16:58:07.365	2022-12-04 17:00:00	0	3	1	37	36
56	2022-12-21 16:08:00.003034	2022-12-05 20:56:46.246	2022-12-05 21:00:00	0	4	1	49	56
45	2022-12-21 16:08:00.003034	2022-12-01 20:57:34.543	2022-12-01 21:00:00	0	2	4	42	43
24	2022-12-21 16:08:00.003034	2022-11-26 17:56:26.513	2022-11-26 18:00:00	0	2	1	37	39
17	2022-12-21 16:08:00.003034	2022-11-24 20:55:39.025	2022-11-24 21:00:00	0	2	0	49	50
19	2022-12-21 16:08:00.003034	2022-11-25 14:59:42.086	2022-11-25 15:00:00	0	1	3	25	27
20	2022-12-21 16:08:00.003034	2022-11-25 17:59:35.309	2022-11-25 18:00:00	0	1	1	28	26
25	2022-12-21 16:08:00.003034	2022-11-26 20:57:23.161	2022-11-26 21:00:00	0	2	0	33	35
29	2022-12-21 16:08:00.003034	2022-11-27 20:53:50.405	2022-11-27 21:00:00	0	1	1	41	43
28	2022-12-21 16:08:00.003034	2022-11-27 17:57:31.437	2022-11-27 18:00:00	0	4	1	48	46
27	2022-12-21 16:08:00.003034	2022-11-27 14:55:53.402	2022-11-27 15:00:00	0	0	2	45	47
4	2022-12-21 16:08:00.003034	2022-11-21 18:01:53.666	2022-11-21 18:00:00	0	0	2	27	28
6	2022-12-21 16:08:00.003034	2022-11-22 12:07:26.237	2022-11-22 12:00:00	0	1	2	33	34
10	2022-12-21 16:08:00.003034	2022-11-23 11:55:09.412	2022-11-23 12:00:00	0	0	0	47	48
65	2022-12-21 16:08:00.003034	2022-12-18 17:56:10.457	2022-12-18 17:00:00	0	7	5	33	37
\.


--
-- Data for Name: guess; Type: TABLE DATA; Schema: public; Owner: fooser
--

COPY public.guess (id, outcome, place, points, result1, result2, game_id, user_id) FROM stdin;
37	2	\N	5	2	0	11	10
10	2	\N	5	3	0	3	4
9	2	\N	1	0	1	2	4
67	3	\N	5	2	1	43	10
13	3	\N	9	5	0	6	4
14	3	\N	5	2	0	8	4
7	2	\N	1	1	2	4	1
11	1	\N	-3	0	2	4	4
19	2	\N	1	0	3	4	5
112	2	\N	2	1	3	4	7
24	1	\N	-3	0	2	4	8
116	1	\N	-3	0	2	4	12
29	1	\N	-3	0	2	4	10
77	2	\N	4	2	4	4	14
85	2	\N	1	0	3	4	16
98	2	\N	1	1	2	4	15
108	2	\N	1	0	3	4	2
119	1	\N	-3	0	2	4	11
18	2	\N	5	3	0	3	5
6	2	\N	5	3	0	3	1
23	2	\N	6	2	0	3	8
115	2	\N	5	3	0	3	12
28	2	\N	5	3	0	3	10
76	2	\N	5	3	0	3	14
84	3	\N	9	1	1	3	16
97	2	\N	5	2	1	3	15
107	2	\N	5	3	0	3	2
111	2	\N	5	3	0	3	7
118	2	\N	4	3	1	3	11
35	3	\N	6	1	2	10	10
8	3	\N	4	1	0	5	1
12	3	\N	4	0	1	5	4
132	3	\N	4	2	1	5	17
20	1	\N	-3	1	1	5	5
113	3	\N	4	1	2	5	7
25	3	\N	4	1	0	5	8
30	3	\N	4	1	2	5	10
78	1	\N	-3	1	1	5	14
86	3	\N	4	1	2	5	16
99	1	\N	-3	1	1	5	15
109	3	\N	5	0	2	5	2
31	3	\N	7	3	0	6	10
87	3	\N	6	2	0	6	16
100	3	\N	6	3	1	6	15
79	3	\N	8	4	0	6	14
121	3	\N	7	3	0	6	11
137	3	\N	6	2	0	6	6
32	3	\N	6	2	1	8	10
80	3	\N	7	3	1	8	14
88	3	\N	4	1	0	8	16
101	3	\N	7	3	1	8	15
122	3	\N	5	2	0	8	11
138	3	\N	5	2	0	8	6
15	3	\N	4	0	1	7	4
33	3	\N	6	1	2	7	10
81	3	\N	6	2	1	7	14
89	3	\N	6	2	1	7	16
102	2	\N	2	1	1	7	15
123	2	\N	4	2	2	7	11
16	2	\N	2	3	0	9	4
34	2	\N	2	3	0	9	10
82	2	\N	3	2	0	9	14
90	2	\N	1	3	1	9	16
103	3	\N	7	1	2	9	15
124	2	\N	2	2	1	9	11
91	3	\N	6	1	2	10	16
104	3	\N	6	1	2	10	15
125	3	\N	4	0	1	10	11
36	3	\N	5	2	1	13	10
92	3	\N	5	1	0	13	16
105	3	\N	5	2	1	13	15
126	3	\N	5	2	1	13	11
93	2	\N	5	3	1	11	16
127	2	\N	4	3	0	11	11
38	2	\N	2	2	1	12	10
94	3	\N	4	1	1	12	16
128	2	\N	1	2	0	12	11
39	3	\N	6	0	2	14	10
95	2	\N	2	2	1	14	16
40	3	\N	8	3	2	15	10
41	2	\N	3	2	0	16	10
42	2	\N	2	3	1	17	10
43	3	\N	7	2	0	18	10
44	3	\N	6	2	1	19	10
45	3	\N	5	2	0	20	10
46	3	\N	6	2	1	21	10
47	3	\N	6	2	2	22	10
48	1	\N	-3	2	0	23	10
49	3	\N	4	2	2	24	10
50	3	\N	5	1	1	25	10
51	3	\N	5	2	1	26	10
52	3	\N	6	2	1	27	10
53	2	\N	3	2	0	28	10
54	2	\N	2	2	2	29	10
55	3	\N	8	1	0	30	10
56	2	\N	2	1	2	31	10
57	3	\N	6	2	2	32	10
58	3	\N	6	1	2	33	10
59	3	\N	5	2	2	35	10
60	3	\N	4	2	2	34	10
61	3	\N	6	1	1	37	10
62	1	\N	-3	0	1	36	10
63	3	\N	5	1	2	39	10
66	1	\N	-3	0	2	40	10
65	2	\N	2	0	1	41	10
68	3	\N	6	1	2	42	10
70	3	\N	5	1	2	44	10
71	3	\N	6	0	2	46	10
72	3	\N	7	3	3	47	10
74	3	\N	7	2	3	49	10
73	3	\N	5	2	1	48	10
143	2	\N	1	1	2	4	9
144	2	\N	2	2	2	5	9
151	2	\N	3	2	0	16	14
150	3	\N	5	2	0	15	14
149	2	\N	2	2	1	14	14
208	2	\N	5	2	1	3	18
22	3	\N	6	2	1	2	11
114	3	\N	7	3	1	2	12
129	3	\N	6	2	1	2	17
110	2	\N	1	1	2	2	7
209	2	\N	1	1	2	4	18
142	2	\N	6	2	0	3	9
152	2	\N	3	4	1	17	14
17	2	\N	1	1	2	2	5
5	2	\N	1	1	2	2	1
27	2	\N	1	1	2	2	10
181	1	\N	-3	2	1	24	8
210	3	\N	5	0	2	5	18
163	3	\N	8	4	0	6	8
211	3	\N	6	2	0	6	18
164	3	\N	5	2	0	8	8
212	2	\N	4	2	2	8	18
139	1	\N	-3	0	0	7	6
165	3	\N	6	2	1	7	8
213	3	\N	8	3	2	7	18
155	3	\N	4	2	1	20	14
140	2	\N	3	2	0	9	6
166	2	\N	3	2	0	9	8
214	2	\N	2	2	1	9	18
146	3	\N	6	2	0	13	14
148	2	\N	2	2	1	12	14
145	3	\N	6	1	2	10	14
167	3	\N	5	0	2	10	8
215	3	\N	6	1	2	10	18
168	3	\N	6	2	0	13	8
216	3	\N	4	2	2	13	18
147	2	\N	5	2	0	11	14
157	2	\N	6	2	1	11	15
169	2	\N	4	3	0	11	8
217	2	\N	6	2	1	11	18
158	3	\N	8	3	3	12	15
170	2	\N	3	3	1	12	8
218	2	\N	1	2	0	12	18
159	2	\N	2	2	1	14	15
171	2	\N	2	2	1	14	8
219	3	\N	6	0	2	14	18
160	3	\N	6	1	2	15	15
172	3	\N	5	2	0	15	8
220	3	\N	5	2	0	15	18
161	2	\N	1	3	1	16	15
173	2	\N	3	2	0	16	8
221	2	\N	3	2	0	16	18
162	2	\N	2	3	1	17	15
174	2	\N	2	3	1	17	8
222	2	\N	1	3	0	17	18
177	3	\N	5	2	0	20	8
153	3	\N	6	2	1	18	14
175	3	\N	7	2	0	18	8
223	3	\N	6	2	1	18	18
154	2	\N	1	1	2	19	14
176	2	\N	2	0	2	19	8
225	3	\N	4	1	2	20	18
156	3	\N	5	2	0	21	14
178	3	\N	6	2	1	21	8
180	2	\N	1	1	0	23	8
188	3	\N	8	0	0	31	8
183	3	\N	6	2	0	26	8
179	3	\N	4	0	0	22	8
227	3	\N	5	2	1	22	18
228	2	\N	1	2	1	23	18
229	2	\N	1	3	1	24	18
182	2	\N	2	3	1	25	8
230	2	\N	2	3	1	25	18
184	3	\N	6	1	0	27	8
232	3	\N	5	2	2	27	18
185	3	\N	7	1	2	28	8
233	2	\N	3	2	0	28	18
189	2	\N	2	3	0	32	8
190	2	\N	1	2	1	33	8
192	3	\N	4	1	1	34	8
187	3	\N	8	0	1	30	8
186	3	\N	4	2	1	29	8
235	2	\N	4	1	1	30	18
236	2	\N	1	1	3	31	18
238	1	\N	-3	2	0	33	18
191	2	\N	1	3	0	35	8
239	3	\N	5	2	2	35	18
193	2	\N	2	1	2	37	8
241	2	\N	2	2	3	37	18
194	2	\N	1	0	2	36	8
242	3	\N	5	1	0	36	18
200	3	\N	6	1	2	42	8
197	2	\N	1	0	2	41	8
195	3	\N	4	1	1	39	8
196	3	\N	7	0	3	38	8
244	3	\N	7	2	3	38	18
198	1	\N	-3	0	2	40	8
245	1	\N	-3	1	2	41	18
248	3	\N	4	1	0	42	18
199	3	\N	6	2	0	43	8
247	2	\N	2	0	1	43	18
202	3	\N	6	1	3	44	8
201	2	\N	3	0	3	45	8
249	2	\N	4	0	2	45	18
203	3	\N	6	0	2	46	8
204	2	\N	1	1	2	47	8
252	3	\N	6	2	1	47	18
206	3	\N	7	0	3	49	8
254	3	\N	5	1	2	49	18
205	3	\N	6	1	1	48	8
75	2	\N	1	0	1	2	14
83	3	\N	7	2	0	2	16
96	3	\N	6	1	0	2	15
106	2	\N	1	1	2	2	2
4	3	\N	6	1	0	2	3
133	3	\N	6	1	0	2	6
26	1	\N	-3	0	2	2	13
21	3	\N	5	0	0	2	8
207	1	\N	-3	0	2	2	18
141	3	\N	6	1	0	2	9
255	2	\N	1	1	2	2	19
130	2	\N	5	3	0	3	17
134	2	\N	6	2	0	3	6
256	2	\N	5	3	0	3	13
261	2	\N	5	2	1	3	19
274	2	\N	6	2	0	3	3
131	1	\N	-3	0	2	4	17
135	1	\N	-3	0	2	4	6
262	2	\N	1	1	2	4	19
272	2	\N	1	1	2	4	13
275	2	\N	1	1	2	4	3
297	3	\N	6	0	2	14	17
260	2	\N	1	3	1	9	1
333	1	\N	-3	1	0	14	3
300	2	\N	2	3	1	17	17
117	1	\N	-3	1	1	5	12
120	1	\N	-3	1	1	5	11
136	1	\N	-3	1	1	5	6
263	1	\N	-3	1	1	5	19
273	3	\N	4	2	1	5	13
276	3	\N	4	1	0	5	3
348	2	\N	1	2	0	14	1
285	3	\N	8	4	0	6	17
301	3	\N	7	3	0	6	13
302	3	\N	7	3	0	6	9
271	2	\N	1	2	0	12	19
322	3	\N	6	1	2	10	7
257	3	\N	7	3	0	6	1
264	3	\N	6	2	0	6	19
277	3	\N	7	3	0	6	5
281	3	\N	7	3	0	6	12
313	4	\N	9	\N	\N	6	3
314	4	\N	9	\N	\N	6	7
315	4	\N	9	\N	\N	6	2
295	2	\N	3	3	1	12	17
258	3	\N	5	2	0	8	1
265	2	\N	2	1	1	8	19
278	3	\N	5	2	0	8	5
282	3	\N	6	2	1	8	12
286	3	\N	7	3	1	8	17
303	3	\N	6	2	1	8	9
316	3	\N	5	2	0	8	2
319	3	\N	5	2	0	8	7
324	3	\N	5	2	0	8	3
339	3	\N	6	2	1	8	13
259	1	\N	-3	0	0	7	1
266	2	\N	2	1	1	7	19
279	3	\N	5	2	0	7	5
283	3	\N	6	2	1	7	12
287	3	\N	5	0	2	7	17
304	2	\N	2	1	1	7	9
317	3	\N	6	2	1	7	2
320	3	\N	6	1	2	7	7
325	2	\N	2	1	1	7	3
296	2	\N	1	2	0	12	5
267	2	\N	3	2	0	9	19
280	2	\N	2	3	0	9	5
284	2	\N	2	3	0	9	12
326	2	\N	2	3	0	9	3
288	2	\N	1	3	1	9	17
305	2	\N	3	2	0	9	9
318	2	\N	2	2	1	9	2
323	3	\N	6	3	1	13	7
269	3	\N	6	2	0	13	19
270	2	\N	5	2	0	11	19
268	3	\N	4	0	1	10	19
328	3	\N	5	0	2	10	3
289	3	\N	7	1	3	10	17
290	3	\N	5	0	2	10	5
306	3	\N	6	1	2	10	9
340	3	\N	6	1	2	10	12
344	3	\N	5	0	2	10	1
291	3	\N	6	2	0	13	17
292	3	\N	5	1	0	13	5
307	3	\N	5	1	0	13	9
330	3	\N	5	2	1	13	3
341	3	\N	6	2	0	13	12
338	3	\N	4	2	1	20	3
327	2	\N	5	2	0	11	7
293	2	\N	4	4	1	11	17
294	2	\N	4	3	0	11	5
308	2	\N	5	3	1	11	9
331	2	\N	4	3	0	11	3
342	2	\N	5	3	1	11	12
309	3	\N	4	1	1	12	9
329	1	\N	-3	1	0	12	7
332	2	\N	2	2	1	12	3
343	2	\N	2	2	1	12	12
298	2	\N	2	1	1	15	17
312	2	\N	1	2	1	17	16
310	3	\N	4	1	0	15	16
334	3	\N	5	2	0	15	3
349	3	\N	5	2	0	15	1
299	2	\N	4	5	0	16	17
311	2	\N	2	3	0	16	16
335	2	\N	2	3	0	16	3
350	2	\N	1	3	1	16	1
336	2	\N	1	2	1	17	3
351	2	\N	2	3	1	17	1
337	3	\N	5	1	1	18	3
352	3	\N	6	2	1	7	13
321	2	\N	4	1	0	9	7
353	2	\N	2	3	0	9	13
359	3	\N	6	2	1	15	6
354	0	\N	-7	0	0	10	6
369	3	\N	6	1	2	10	2
381	3	\N	6	1	2	10	13
383	3	\N	5	0	2	10	4
345	3	\N	6	2	0	13	1
355	3	\N	6	2	0	13	6
370	3	\N	6	2	0	13	2
382	3	\N	6	2	0	13	13
384	3	\N	7	3	0	13	4
366	3	\N	5	2	0	15	19
362	3	\N	6	2	1	18	16
391	3	\N	6	1	0	18	4
346	2	\N	4	3	0	11	1
356	2	\N	4	3	0	11	6
371	2	\N	4	3	0	11	2
385	2	\N	4	3	0	11	4
403	2	\N	5	2	0	11	13
398	1	\N	-3	2	0	25	4
347	2	\N	2	2	1	12	1
357	2	\N	2	2	1	12	6
372	2	\N	1	2	0	12	2
386	2	\N	2	3	0	12	4
404	2	\N	1	2	0	12	13
363	2	\N	3	0	1	19	16
364	3	\N	5	3	1	20	16
358	2	\N	1	2	0	14	6
365	3	\N	5	0	1	14	19
373	3	\N	4	1	1	14	11
377	1	\N	-3	1	0	14	5
387	3	\N	4	0	0	14	4
399	2	\N	2	2	1	14	7
417	3	\N	4	1	1	14	9
425	2	\N	1	2	0	14	13
430	2	\N	1	2	0	14	12
435	2	\N	1	2	0	14	2
374	3	\N	6	1	2	15	11
378	3	\N	4	1	0	15	5
388	3	\N	5	2	0	15	4
400	3	\N	4	1	0	15	7
424	3	\N	4	1	0	15	9
432	2	\N	2	1	1	15	12
436	1	\N	-3	0	0	15	2
459	3	\N	5	2	0	15	13
392	2	\N	1	0	3	19	4
393	3	\N	4	1	0	20	4
405	3	\N	6	1	0	18	7
406	2	\N	2	0	2	19	7
397	2	\N	1	2	0	24	4
444	3	\N	5	0	0	23	1
443	3	\N	4	0	0	22	1
415	2	\N	1	2	0	24	15
416	2	\N	2	3	1	25	15
447	3	\N	6	2	0	26	1
361	1	\N	-3	2	0	17	6
368	1	\N	-3	2	0	17	19
375	2	\N	1	2	1	17	11
380	1	\N	-3	2	0	17	5
390	1	\N	-3	2	0	17	4
402	1	\N	-3	2	0	17	7
461	2	\N	2	3	1	17	13
419	2	\N	1	3	0	17	9
409	3	\N	6	2	1	18	15
421	3	\N	6	2	1	18	9
426	3	\N	7	2	0	18	11
439	3	\N	6	1	0	18	1
451	3	\N	7	2	0	18	5
410	2	\N	1	1	2	19	15
420	2	\N	2	0	2	19	9
427	3	\N	7	0	0	19	11
440	2	\N	1	1	2	19	1
452	3	\N	5	2	2	19	5
467	2	\N	2	0	2	19	19
471	3	\N	6	2	1	19	17
407	3	\N	4	1	0	20	7
411	3	\N	5	3	1	20	15
422	0	\N	-7	1	1	20	9
428	3	\N	5	2	0	20	11
441	3	\N	5	2	0	20	1
453	3	\N	5	2	0	20	5
394	3	\N	6	3	0	21	4
408	3	\N	4	1	0	21	7
412	3	\N	6	2	1	21	15
423	3	\N	4	1	0	21	9
429	3	\N	7	3	1	21	11
431	3	\N	4	1	0	21	16
442	3	\N	7	3	1	21	1
454	3	\N	5	2	0	21	5
395	3	\N	4	1	1	22	4
413	3	\N	5	2	1	22	15
455	3	\N	5	1	0	22	5
462	3	\N	4	0	0	22	16
396	2	\N	1	1	0	23	4
414	2	\N	1	1	0	23	15
456	2	\N	1	1	0	23	5
463	3	\N	6	1	2	23	16
445	2	\N	1	3	1	24	1
457	2	\N	1	2	0	24	5
464	1	\N	-3	2	1	24	16
446	1	\N	-3	2	0	25	1
458	1	\N	-3	2	0	25	5
465	1	\N	-3	2	0	25	16
448	3	\N	6	2	1	27	1
449	2	\N	4	1	0	28	1
450	3	\N	6	3	2	29	1
360	2	\N	3	2	0	16	6
367	3	\N	6	1	1	16	19
376	2	\N	3	2	0	16	11
379	2	\N	3	2	0	16	5
389	2	\N	2	3	0	16	4
401	2	\N	4	1	0	16	7
418	2	\N	2	2	1	16	9
433	2	\N	2	3	0	16	12
437	2	\N	2	3	0	16	2
460	2	\N	2	3	0	16	13
434	2	\N	3	4	1	17	12
438	2	\N	1	3	0	17	2
466	3	\N	7	2	0	18	19
470	3	\N	6	1	0	18	17
474	3	\N	6	1	0	18	6
494	3	\N	6	1	0	18	13
496	3	\N	6	2	1	18	12
500	4	\N	7	\N	\N	18	2
224	3	\N	6	2	1	19	18
475	2	\N	2	0	2	19	6
495	2	\N	2	0	2	19	13
497	2	\N	3	0	1	19	12
509	3	\N	5	1	1	19	2
512	2	\N	3	0	1	19	3
468	3	\N	4	2	1	20	19
472	3	\N	4	1	0	20	17
476	3	\N	4	2	1	20	6
498	3	\N	5	2	0	20	12
510	3	\N	4	2	1	20	2
513	3	\N	5	2	0	20	13
479	2	\N	1	2	1	23	6
226	3	\N	6	3	0	21	18
469	2	\N	2	1	1	21	19
473	3	\N	6	2	1	21	17
477	3	\N	5	2	0	21	6
499	3	\N	6	2	1	21	12
511	3	\N	5	2	0	21	2
514	3	\N	6	3	0	21	13
515	3	\N	6	3	0	21	3
566	3	\N	5	1	0	34	17
478	3	\N	5	1	0	22	6
490	1	\N	-3	0	1	22	11
501	3	\N	4	1	1	22	12
551	4	\N	6	\N	\N	22	17
516	3	\N	4	0	0	22	3
520	3	\N	4	1	1	22	14
524	3	\N	5	2	1	22	13
526	2	\N	2	1	2	22	7
534	3	\N	4	1	1	22	9
542	3	\N	4	1	1	22	19
550	4	\N	6	\N	\N	22	2
491	2	\N	1	1	0	23	11
502	3	\N	5	1	1	23	12
552	3	\N	6	0	1	23	2
517	3	\N	6	0	1	23	3
521	3	\N	5	1	1	23	14
525	2	\N	1	1	0	23	13
527	3	\N	5	1	1	23	7
535	2	\N	1	2	1	23	9
543	3	\N	5	0	0	23	19
482	3	\N	6	2	0	26	6
480	2	\N	1	2	0	24	6
492	2	\N	2	1	0	24	11
503	1	\N	-3	2	1	24	12
553	2	\N	2	3	0	24	2
518	2	\N	1	3	1	24	3
522	1	\N	-3	2	1	24	14
528	2	\N	1	2	0	24	7
536	2	\N	1	2	0	24	9
544	2	\N	1	2	0	24	19
486	3	\N	6	2	0	26	15
481	2	\N	1	3	0	25	6
493	3	\N	5	1	1	25	11
504	3	\N	5	2	2	25	12
519	1	\N	-3	2	0	25	3
523	2	\N	1	2	1	25	14
529	2	\N	1	2	1	25	7
537	1	\N	-3	2	0	25	9
545	1	\N	-3	2	0	25	19
505	3	\N	6	2	0	26	12
531	3	\N	5	1	0	26	7
538	3	\N	6	2	0	26	9
546	3	\N	4	1	1	26	19
558	3	\N	4	0	0	26	17
564	3	\N	6	2	2	32	17
483	3	\N	7	2	0	27	6
488	3	\N	5	1	1	27	15
506	3	\N	7	2	0	27	12
530	3	\N	6	2	1	27	7
539	3	\N	7	2	0	27	9
547	3	\N	6	2	1	27	19
559	3	\N	6	2	1	27	17
484	2	\N	4	1	0	28	6
487	2	\N	2	2	1	28	15
507	3	\N	6	1	1	28	12
532	3	\N	7	0	1	28	7
540	3	\N	8	0	0	28	9
548	3	\N	6	1	1	28	19
485	3	\N	4	1	0	29	6
489	1	\N	-3	1	1	29	15
508	1	\N	-3	1	1	29	12
533	3	\N	4	2	1	29	7
541	1	\N	-3	1	1	29	9
549	3	\N	4	1	2	29	19
562	3	\N	6	2	1	30	17
563	3	\N	8	0	0	31	17
569	2	\N	2	1	2	37	17
568	3	\N	5	1	0	36	17
565	1	\N	-3	2	0	33	17
567	3	\N	6	1	2	35	17
555	2	\N	1	2	1	23	17
556	3	\N	4	1	1	24	17
570	2	\N	2	3	0	24	13
554	3	\N	5	1	1	25	2
557	2	\N	2	3	1	25	17
585	1	\N	-3	2	0	25	13
583	3	\N	8	0	0	31	16
231	2	\N	2	1	2	26	18
571	3	\N	5	1	0	26	5
575	3	\N	6	2	0	26	14
578	3	\N	6	2	0	26	16
607	3	\N	6	2	0	26	11
611	3	\N	6	2	0	26	13
612	3	\N	6	2	0	26	2
616	3	\N	6	2	0	26	3
620	4	\N	6	\N	\N	26	4
572	3	\N	6	1	0	27	5
576	3	\N	6	1	0	27	14
579	3	\N	6	1	0	27	16
608	3	\N	7	2	0	27	11
613	3	\N	7	2	0	27	2
617	3	\N	6	1	0	27	3
621	3	\N	8	3	0	27	4
628	3	\N	7	2	0	27	13
560	3	\N	7	1	2	28	17
573	2	\N	4	1	0	28	5
577	3	\N	6	1	1	28	14
580	2	\N	4	1	0	28	16
609	2	\N	2	2	1	28	11
614	3	\N	8	0	0	28	2
618	3	\N	7	0	1	28	3
622	3	\N	8	0	0	28	4
629	2	\N	3	2	0	28	13
234	2	\N	2	2	2	29	18
561	3	\N	4	2	1	29	17
574	3	\N	5	2	0	29	5
581	1	\N	-3	1	1	29	16
610	3	\N	5	3	1	29	11
615	3	\N	5	3	1	29	2
619	3	\N	5	3	1	29	3
623	3	\N	4	2	1	29	4
630	3	\N	4	2	1	29	13
639	3	\N	4	1	2	29	14
584	2	\N	1	2	0	32	16
589	2	\N	3	3	1	32	1
586	3	\N	5	0	0	33	16
588	3	\N	6	1	1	31	1
625	3	\N	8	0	0	31	4
632	3	\N	6	1	1	31	19
636	3	\N	6	1	1	31	7
641	3	\N	6	1	1	31	14
645	3	\N	6	2	0	31	11
657	3	\N	8	0	0	31	9
661	2	\N	2	1	2	31	13
663	3	\N	6	1	1	31	12
668	3	\N	8	0	0	31	5
626	2	\N	2	3	0	32	4
633	2	\N	1	2	0	32	19
637	2	\N	2	2	1	32	7
642	2	\N	1	2	0	32	14
646	2	\N	2	2	1	32	11
658	2	\N	2	2	1	32	9
665	2	\N	2	2	1	32	12
669	2	\N	1	2	0	32	5
681	2	\N	2	2	1	32	2
592	3	\N	4	1	1	34	16
590	2	\N	1	2	1	33	1
627	2	\N	1	1	0	33	4
634	3	\N	6	0	1	33	19
638	1	\N	-3	2	0	33	7
643	2	\N	1	2	1	33	14
647	2	\N	1	2	1	33	11
659	1	\N	-3	2	0	33	9
664	2	\N	1	2	1	33	12
670	2	\N	1	1	0	33	5
591	2	\N	1	3	0	35	16
648	2	\N	1	3	0	35	1
672	1	\N	-3	2	0	35	5
687	1	\N	-3	2	0	35	6
649	3	\N	4	1	1	34	1
671	3	\N	5	1	0	34	5
688	3	\N	5	1	0	34	6
594	2	\N	2	0	1	37	16
650	2	\N	1	1	3	37	1
674	2	\N	1	0	2	37	5
593	2	\N	2	1	2	36	16
651	2	\N	1	0	2	36	1
673	2	\N	1	0	2	36	5
689	2	\N	2	1	2	36	6
596	3	\N	6	0	2	38	16
597	3	\N	5	1	1	40	16
595	3	\N	5	1	2	39	16
652	3	\N	5	1	2	39	1
675	3	\N	5	0	1	39	5
653	3	\N	7	0	3	38	1
676	3	\N	6	0	2	38	5
655	2	\N	2	1	3	40	1
677	1	\N	-3	0	2	40	5
598	2	\N	2	0	1	41	16
654	3	\N	4	1	1	41	1
678	2	\N	1	0	2	41	5
599	1	\N	-3	0	0	42	16
600	3	\N	6	0	0	43	16
602	3	\N	6	0	2	44	16
601	2	\N	4	0	2	45	16
603	3	\N	5	1	2	46	16
604	2	\N	1	0	1	47	16
605	3	\N	7	0	3	49	16
606	3	\N	8	0	0	48	16
582	3	\N	7	0	2	30	16
587	3	\N	7	0	2	30	1
624	3	\N	8	0	1	30	4
631	2	\N	4	1	1	30	19
635	3	\N	6	1	2	30	7
640	2	\N	4	1	1	30	14
644	3	\N	8	0	1	30	11
667	3	\N	8	0	1	30	5
656	3	\N	6	1	2	30	9
660	3	\N	7	0	2	30	13
662	3	\N	6	1	2	30	12
666	3	\N	6	1	2	30	3
679	2	\N	4	1	1	30	2
683	3	\N	8	1	0	30	6
694	4	\N	8	\N	\N	30	15
680	2	\N	3	0	2	31	2
684	3	\N	8	0	0	31	6
699	3	\N	6	1	1	31	3
702	3	\N	6	1	1	31	15
237	2	\N	3	3	1	32	18
685	2	\N	2	2	1	32	6
700	2	\N	3	3	1	32	3
703	2	\N	2	2	1	32	15
721	2	\N	2	2	1	32	13
696	3	\N	4	1	1	39	17
710	2	\N	2	2	1	39	15
682	2	\N	1	2	1	33	2
686	1	\N	-3	2	0	33	6
701	1	\N	-3	2	0	33	3
704	2	\N	1	2	1	33	15
722	2	\N	1	2	1	33	13
757	1	\N	-3	2	0	35	12
772	3	\N	5	0	1	39	11
761	2	\N	1	3	0	35	13
705	2	\N	1	1	0	35	15
769	1	\N	-3	2	0	35	11
723	2	\N	1	3	0	35	14
727	2	\N	1	3	0	35	7
735	1	\N	-3	2	0	35	19
740	2	\N	1	3	0	35	4
751	1	\N	-3	2	0	35	9
752	2	\N	1	3	0	35	3
765	2	\N	1	3	0	35	2
240	3	\N	4	1	1	34	18
693	3	\N	4	1	1	34	9
706	3	\N	4	1	1	34	15
768	3	\N	4	1	1	34	11
724	3	\N	4	1	1	34	14
728	3	\N	4	1	1	34	7
736	3	\N	4	1	1	34	19
739	2	\N	2	0	1	34	4
753	3	\N	4	1	1	34	3
756	3	\N	4	1	1	34	12
760	3	\N	5	1	0	34	13
764	3	\N	4	1	1	34	2
690	2	\N	2	1	2	37	6
692	2	\N	1	0	2	37	9
766	1	\N	-3	0	3	37	2
708	2	\N	2	1	2	37	15
770	2	\N	2	0	1	37	11
726	2	\N	2	0	1	37	14
730	2	\N	2	1	2	37	7
738	2	\N	1	0	2	37	19
742	2	\N	1	0	2	37	4
755	2	\N	1	1	3	37	3
691	2	\N	2	0	3	36	9
767	3	\N	6	2	2	36	2
707	3	\N	4	1	1	36	15
771	1	\N	-3	0	1	36	11
725	2	\N	2	1	2	36	14
729	3	\N	4	1	1	36	7
737	1	\N	-3	0	1	36	19
741	3	\N	4	0	0	36	4
754	3	\N	4	1	1	36	3
758	3	\N	4	1	1	36	12
732	3	\N	5	1	2	39	7
744	3	\N	5	0	1	39	4
777	3	\N	5	0	1	39	19
781	3	\N	6	0	2	39	14
695	3	\N	6	1	3	38	17
709	3	\N	4	1	1	38	15
773	3	\N	5	0	1	38	11
731	3	\N	7	0	3	38	7
743	3	\N	6	0	2	38	4
776	3	\N	5	0	1	38	19
780	3	\N	5	0	1	38	14
697	3	\N	5	1	0	41	17
698	3	\N	5	1	1	40	17
712	2	\N	1	1	2	40	15
734	2	\N	1	0	1	40	7
746	3	\N	6	1	0	40	4
774	3	\N	5	1	1	40	11
779	1	\N	-3	0	2	40	19
783	2	\N	1	1	2	40	14
711	1	\N	-3	1	2	41	15
733	3	\N	5	1	0	41	7
745	2	\N	1	0	2	41	4
775	3	\N	6	0	0	41	11
778	3	\N	5	1	0	41	19
714	3	\N	7	3	1	42	15
748	3	\N	6	1	2	42	4
713	2	\N	2	0	1	43	15
747	2	\N	2	0	1	43	4
716	0	\N	-7	2	1	44	15
749	3	\N	7	0	3	44	4
715	3	\N	7	1	1	45	15
750	2	\N	4	0	2	45	4
718	3	\N	4	2	2	46	15
717	3	\N	5	1	1	47	15
719	3	\N	5	1	2	49	15
720	3	\N	4	2	2	48	15
759	2	\N	1	0	2	37	12
762	1	\N	-3	0	3	37	13
763	2	\N	2	1	2	36	13
69	2	\N	4	0	2	45	10
243	3	\N	5	1	2	39	18
785	1	\N	-3	1	0	39	3
789	3	\N	5	1	2	39	9
792	3	\N	6	0	2	39	13
797	3	\N	6	0	2	39	12
803	4	\N	6	\N	\N	39	6
804	4	\N	6	\N	\N	39	2
64	3	\N	6	0	2	38	10
784	3	\N	6	0	2	38	3
788	2	\N	2	2	1	38	9
793	3	\N	7	0	3	38	13
796	3	\N	6	1	3	38	12
801	4	\N	7	\N	\N	38	6
802	4	\N	7	\N	\N	38	2
246	2	\N	1	1	2	40	18
786	2	\N	1	1	2	40	3
791	2	\N	1	1	2	40	9
794	2	\N	1	1	2	40	13
798	3	\N	5	1	1	40	12
805	2	\N	1	1	2	40	6
807	3	\N	5	1	1	40	2
782	1	\N	-3	1	2	41	14
787	3	\N	5	1	0	41	3
790	3	\N	4	1	1	41	9
795	1	\N	-3	1	2	41	13
799	3	\N	4	1	1	41	12
806	1	\N	-3	1	2	41	6
808	3	\N	4	1	1	41	2
859	2	\N	1	0	2	43	2
827	3	\N	6	1	1	48	1
858	2	\N	1	2	0	52	5
861	3	\N	6	2	1	45	2
812	2	\N	4	0	2	45	6
830	2	\N	2	1	1	42	19
838	1	\N	-3	0	0	42	9
846	2	\N	2	1	1	42	12
850	3	\N	4	0	1	42	5
809	3	\N	5	2	1	43	6
860	3	\N	5	2	0	42	2
864	3	\N	6	2	1	42	14
810	3	\N	6	2	1	42	6
814	2	\N	2	1	1	42	11
818	2	\N	2	1	1	42	7
822	3	\N	6	2	1	42	1
868	3	\N	6	2	1	42	13
872	3	\N	5	2	0	42	3
873	4	\N	7	\N	\N	42	17
813	2	\N	2	0	1	43	11
817	1	\N	-3	1	2	43	7
821	1	\N	-3	1	2	43	1
829	3	\N	4	1	1	43	19
837	2	\N	2	0	1	43	9
845	1	\N	-3	1	2	43	12
849	2	\N	2	0	1	43	5
866	1	\N	-3	1	2	43	14
867	2	\N	2	0	1	43	13
871	1	\N	-3	1	2	43	3
874	4	\N	6	\N	\N	43	17
250	3	\N	5	1	2	44	18
862	3	\N	4	1	1	44	2
863	3	\N	6	0	2	44	14
811	3	\N	6	0	2	44	6
815	3	\N	6	0	2	44	11
819	3	\N	5	1	2	44	7
824	3	\N	6	1	3	44	1
832	3	\N	6	0	2	44	19
840	3	\N	5	1	2	44	9
848	3	\N	5	1	2	44	12
852	3	\N	6	0	2	44	5
870	3	\N	7	0	3	44	13
876	3	\N	5	1	2	44	17
882	3	\N	4	1	1	44	3
865	2	\N	4	0	2	45	14
816	2	\N	4	0	2	45	11
820	2	\N	3	0	3	45	7
823	2	\N	4	0	2	45	1
831	2	\N	4	0	2	45	19
839	2	\N	5	0	1	45	9
847	2	\N	3	1	2	45	12
851	2	\N	4	0	2	45	5
869	2	\N	3	0	3	45	13
875	2	\N	3	1	2	45	17
881	2	\N	5	0	1	45	3
883	1	\N	-3	0	2	47	11
826	1	\N	-3	0	2	47	1
834	2	\N	1	1	2	47	19
841	2	\N	1	1	2	47	6
854	2	\N	1	0	1	47	5
877	2	\N	1	0	1	47	17
828	3	\N	6	0	2	49	1
836	3	\N	4	1	1	49	19
843	3	\N	6	0	2	49	6
856	3	\N	6	0	2	49	5
885	3	\N	6	0	2	49	11
880	3	\N	6	2	2	49	17
889	3	\N	5	1	2	49	7
835	3	\N	5	2	1	48	19
844	2	\N	2	1	2	48	6
855	3	\N	7	1	0	48	5
879	2	\N	4	0	1	48	17
886	3	\N	6	1	1	48	11
890	3	\N	6	1	1	48	7
800	2	\N	1	2	1	50	15
857	2	\N	2	2	0	50	5
891	3	\N	5	1	2	52	15
961	2	\N	2	1	0	51	8
903	2	\N	1	2	0	51	4
251	3	\N	7	0	3	46	18
825	3	\N	6	1	3	46	1
833	3	\N	4	1	1	46	19
884	3	\N	5	1	2	46	11
842	3	\N	5	1	2	46	6
853	3	\N	6	0	2	46	5
878	3	\N	6	1	3	46	17
888	3	\N	5	0	1	46	7
893	3	\N	6	0	2	46	13
897	3	\N	6	0	2	46	4
907	3	\N	5	1	2	46	9
912	3	\N	5	1	2	46	14
915	3	\N	5	1	2	46	3
919	3	\N	5	1	2	46	12
928	4	\N	7	\N	\N	46	2
887	1	\N	-3	0	2	47	7
892	3	\N	7	2	0	47	13
896	3	\N	5	1	1	47	4
906	3	\N	6	1	0	47	9
913	3	\N	5	1	1	47	14
914	3	\N	7	2	0	47	3
918	3	\N	6	2	1	47	12
929	4	\N	7	\N	\N	47	2
894	3	\N	7	0	3	49	13
898	3	\N	6	0	2	49	4
908	3	\N	5	1	2	49	9
911	3	\N	6	0	2	49	14
916	3	\N	5	1	2	49	3
920	3	\N	5	1	2	49	12
933	4	\N	7	\N	\N	49	2
253	3	\N	6	1	1	48	18
895	3	\N	7	1	0	48	13
899	3	\N	8	0	0	48	4
909	3	\N	8	0	0	48	9
910	3	\N	6	1	1	48	14
917	3	\N	5	2	1	48	3
921	3	\N	7	1	0	48	12
932	4	\N	8	\N	\N	48	2
923	2	\N	2	1	0	51	5
927	1	\N	-3	3	0	51	1
996	2	\N	2	2	1	56	10
998	2	\N	4	2	1	57	10
937	2	\N	2	2	1	51	6
1003	2	\N	2	2	1	56	18
1005	2	\N	4	2	1	57	18
941	2	\N	2	2	1	51	7
902	2	\N	1	3	0	53	4
904	2	\N	3	1	2	54	4
900	2	\N	2	2	0	50	4
924	2	\N	2	2	0	50	1
965	2	\N	2	2	0	50	14
930	2	\N	1	2	1	50	7
966	2	\N	2	2	0	50	12
934	2	\N	1	2	1	50	6
944	2	\N	1	2	1	50	9
946	1	\N	-3	3	1	50	16
952	2	\N	2	2	0	50	11
958	3	\N	6	0	1	50	8
972	2	\N	1	2	1	50	13
974	2	\N	2	2	0	50	3
975	2	\N	1	2	1	50	19
981	4	\N	6	\N	\N	50	10
982	4	\N	6	\N	\N	50	2
983	4	\N	6	\N	\N	50	17
984	4	\N	6	\N	\N	50	18
922	2	\N	3	1	0	53	5
926	1	\N	-3	3	1	53	1
936	2	\N	1	2	1	53	6
940	2	\N	1	2	1	53	7
993	2	\N	1	2	1	53	10
948	2	\N	2	2	0	53	16
954	2	\N	2	2	0	53	11
960	1	\N	-3	3	1	53	8
968	2	\N	1	3	2	53	15
977	2	\N	2	2	0	53	19
987	3	\N	12	5	8	53	17
1000	2	\N	1	2	1	53	18
1006	2	\N	2	2	0	53	14
949	2	\N	2	1	0	51	16
955	2	\N	1	2	0	51	11
969	3	\N	7	2	3	51	15
994	2	\N	2	2	1	51	10
978	2	\N	2	2	1	51	19
988	2	\N	2	2	1	51	17
962	3	\N	6	2	1	54	8
938	2	\N	3	1	2	54	6
943	2	\N	3	1	2	54	7
950	3	\N	11	8	6	54	16
956	3	\N	7	2	0	54	11
970	3	\N	6	3	2	54	15
979	2	\N	3	1	2	54	19
989	2	\N	3	1	2	54	17
995	3	\N	6	2	1	54	10
1002	3	\N	7	3	1	54	18
905	3	\N	8	0	2	55	4
963	3	\N	8	0	2	55	8
939	3	\N	7	1	2	55	6
942	3	\N	7	1	2	55	7
951	3	\N	7	1	2	55	16
957	3	\N	7	1	2	55	11
971	3	\N	8	1	3	55	15
980	3	\N	7	1	2	55	19
990	3	\N	9	0	3	55	17
901	2	\N	1	2	0	52	4
925	1	\N	-3	2	1	52	1
964	2	\N	2	3	0	52	14
931	1	\N	-3	2	1	52	7
992	1	\N	-3	2	1	52	10
935	2	\N	1	3	1	52	6
967	2	\N	1	2	0	52	12
945	1	\N	-3	2	1	52	9
947	1	\N	-3	2	1	52	16
953	2	\N	1	2	0	52	11
959	2	\N	1	2	0	52	8
973	2	\N	1	2	0	52	13
976	2	\N	1	2	0	52	19
985	2	\N	1	2	0	52	2
986	2	\N	1	3	1	52	17
991	1	\N	-3	2	1	52	3
999	1	\N	-3	2	1	52	18
1053	2	\N	1	3	1	56	14
1055	2	\N	2	3	0	56	8
1059	2	\N	2	2	1	56	6
1063	4	\N	7	\N	\N	56	16
1064	4	\N	7	\N	\N	56	17
1067	3	\N	8	1	2	60	7
1015	2	\N	2	2	0	53	3
1023	2	\N	1	2	1	53	9
1025	2	\N	1	2	1	53	13
1027	1	\N	-3	3	1	53	12
1029	1	\N	-3	3	1	53	2
1001	2	\N	1	2	0	51	18
1007	2	\N	1	2	0	51	14
1016	2	\N	2	2	1	51	3
1024	2	\N	2	2	1	51	9
1026	2	\N	1	2	0	51	13
1028	2	\N	1	3	1	51	12
1030	1	\N	-3	3	0	51	2
1017	2	\N	3	1	2	54	3
1036	2	\N	3	1	2	54	1
1040	3	\N	6	2	1	54	9
1042	3	\N	6	3	2	54	12
1044	2	\N	5	0	1	54	5
1048	2	\N	3	1	2	54	13
1050	3	\N	7	3	1	54	2
1052	2	\N	3	1	2	54	14
1008	2	\N	1	3	1	56	7
1009	2	\N	1	3	1	56	11
1011	2	\N	3	2	0	56	19
1018	2	\N	1	3	1	56	3
1031	2	\N	3	2	0	56	4
1032	3	\N	7	2	3	56	15
1037	2	\N	3	2	0	56	1
1041	2	\N	1	3	1	56	9
1043	2	\N	2	3	0	56	12
1045	2	\N	3	2	0	56	5
1049	2	\N	3	2	0	56	13
1051	2	\N	2	2	1	56	2
1021	2	\N	6	2	3	58	3
1022	3	\N	9	3	2	58	11
997	3	\N	7	1	2	55	10
1004	3	\N	7	0	1	55	18
1019	3	\N	8	1	3	55	3
1038	3	\N	8	1	3	55	1
1046	3	\N	9	0	3	55	5
1066	3	\N	7	0	1	55	9
1065	3	\N	7	1	2	55	14
1073	3	\N	8	1	3	55	12
1078	3	\N	8	1	3	55	2
1080	4	\N	9	\N	\N	55	13
1010	2	\N	4	2	1	57	11
1012	2	\N	4	2	1	57	19
1013	2	\N	4	2	1	57	16
1014	3	\N	9	1	2	57	7
1020	2	\N	4	3	2	57	3
1033	2	\N	4	2	1	57	15
1086	2	\N	4	2	1	57	17
1039	2	\N	4	2	1	57	1
1047	2	\N	6	1	0	57	5
1054	2	\N	5	2	0	57	4
1056	2	\N	6	1	0	57	8
1060	2	\N	4	2	1	57	6
1069	3	\N	9	1	2	57	9
1074	2	\N	4	3	2	57	12
1079	2	\N	5	2	0	57	2
1081	2	\N	4	2	1	57	13
1072	3	\N	9	0	2	60	8
1075	3	\N	7	1	3	60	10
1070	3	\N	7	1	3	60	11
1090	3	\N	6	2	3	60	16
1087	3	\N	8	1	2	60	17
1083	3	\N	7	1	3	60	18
1034	2	\N	6	2	3	58	15
1035	2	\N	8	1	2	58	7
1057	2	\N	10	0	1	58	8
1061	2	\N	8	1	2	58	6
1088	3	\N	11	2	1	58	17
1076	2	\N	9	0	2	58	10
1084	2	\N	8	1	2	58	18
1091	3	\N	11	2	1	58	16
1058	3	\N	5	1	0	59	8
1062	1	\N	-3	1	2	59	6
1068	1	\N	-3	1	2	59	7
1071	3	\N	5	2	1	59	11
1077	2	\N	2	2	3	59	10
1092	3	\N	9	5	4	59	16
1085	2	\N	2	0	1	59	18
1089	3	\N	5	2	1	59	17
1082	2	\N	4	2	1	57	14
1093	3	\N	7	1	3	60	1
1110	2	\N	4	3	1	60	2
1122	3	\N	8	1	2	60	3
1097	3	\N	8	0	3	60	4
1102	3	\N	9	0	2	60	5
1104	3	\N	8	1	2	60	6
1095	3	\N	9	0	2	60	9
1123	3	\N	6	3	4	60	12
1108	3	\N	8	1	2	60	13
1120	3	\N	7	1	3	60	14
1113	3	\N	6	3	4	60	15
1116	3	\N	8	1	2	60	19
1094	2	\N	8	1	2	58	1
1096	2	\N	8	1	2	58	9
1098	3	\N	13	1	0	58	4
1103	2	\N	8	1	2	58	5
1109	2	\N	8	1	2	58	13
1111	3	\N	10	3	1	58	2
1117	3	\N	11	2	1	58	19
1121	2	\N	2	4	5	58	14
1124	2	\N	6	2	3	58	12
1099	3	\N	6	0	2	61	4
1101	3	\N	7	2	3	61	10
1105	3	\N	5	1	2	61	6
1106	3	\N	19	8	9	61	16
1107	3	\N	5	1	2	61	11
1112	3	\N	6	0	2	61	8
1114	3	\N	6	1	3	61	15
1118	3	\N	5	1	2	61	19
1125	3	\N	7	2	3	61	12
1127	3	\N	8	2	4	61	17
1128	3	\N	5	1	2	61	7
1129	3	\N	5	1	2	61	9
1132	3	\N	5	0	1	61	14
1133	3	\N	6	0	2	61	5
1135	3	\N	6	1	3	61	1
1137	3	\N	7	2	3	61	3
1139	4	\N	19	\N	\N	61	2
1140	4	\N	19	\N	\N	61	13
1141	4	\N	19	\N	\N	61	18
1100	1	\N	-3	1	2	59	4
1115	2	\N	2	2	3	59	15
1119	1	\N	-3	1	2	59	19
1126	1	\N	-3	1	2	59	12
1130	2	\N	8	5	6	59	9
1131	2	\N	1	1	3	59	14
1134	3	\N	5	1	0	59	5
1136	3	\N	5	3	2	59	1
1138	2	\N	2	2	3	59	3
1142	1	\N	-3	1	2	59	13
1143	3	\N	6	4	2	59	2
1168	2	\N	1	3	1	62	1
1172	2	\N	7	6	4	62	2
1170	2	\N	2	2	1	62	3
1175	3	\N	7	0	1	62	4
1158	2	\N	1	2	0	62	5
1161	2	\N	2	2	1	62	6
1144	2	\N	2	2	1	62	7
1146	3	\N	7	0	1	62	8
1159	2	\N	2	2	1	62	9
1152	2	\N	2	1	0	62	10
1148	2	\N	2	2	1	62	11
1164	2	\N	2	3	2	62	12
1173	2	\N	2	2	1	62	13
1163	2	\N	2	2	1	62	14
1166	2	\N	2	3	2	62	15
1150	3	\N	7	1	2	62	16
1154	3	\N	8	1	3	62	17
1156	2	\N	2	3	2	62	18
1177	4	\N	8	\N	\N	62	19
1174	2	\N	1	2	1	63	13
1180	1	\N	-3	2	0	63	14
1169	1	\N	-3	2	0	63	1
1181	4	\N	6	\N	\N	63	2
1171	1	\N	-3	2	0	63	3
1176	1	\N	-3	2	0	63	4
1179	2	\N	1	3	0	63	5
1162	2	\N	1	2	1	63	6
1145	2	\N	2	3	1	63	7
1147	3	\N	6	0	1	63	8
1160	2	\N	1	1	0	63	9
1153	1	\N	-3	2	0	63	10
1149	3	\N	6	0	1	63	11
1165	2	\N	1	2	1	63	12
1167	2	\N	1	2	1	63	15
1151	3	\N	6	1	2	63	16
1155	2	\N	1	2	1	63	17
1157	2	\N	3	3	2	63	18
1178	2	\N	2	3	1	63	19
1183	2	\N	9	3	0	65	8
1185	3	\N	10	2	3	65	15
1187	3	\N	14	0	1	65	18
1189	2	\N	11	1	0	65	10
1191	2	\N	9	2	1	65	1
1192	2	\N	7	3	2	65	3
1195	3	\N	10	2	3	65	7
1197	3	\N	12	1	2	65	6
1201	2	\N	11	1	0	65	5
1203	3	\N	12	1	2	65	13
1205	3	\N	12	1	2	65	4
1207	3	\N	12	1	2	65	12
1182	1	\N	-3	2	1	64	8
1184	2	\N	1	2	0	64	15
1186	3	\N	6	0	2	64	18
1188	3	\N	5	1	2	64	10
1194	3	\N	5	1	2	64	7
1190	1	\N	-3	2	1	64	1
1193	2	\N	2	1	0	64	3
1196	3	\N	5	1	2	64	6
1198	3	\N	5	0	1	64	14
1199	3	\N	5	1	2	64	9
1200	2	\N	2	1	0	64	5
1202	1	\N	-3	2	1	64	13
1204	2	\N	2	1	0	64	4
1206	3	\N	8	3	5	64	12
1208	1	\N	-3	2	1	64	16
1210	2	\N	1	3	1	64	2
1211	3	\N	5	0	1	64	11
1212	4	\N	8	\N	\N	64	17
1213	4	\N	8	\N	\N	64	19
1209	2	\N	9	2	1	65	16
1214	2	\N	9	2	1	65	14
1215	2	\N	1	6	5	65	9
1216	2	\N	9	2	1	65	2
1217	3	\N	10	2	3	65	11
1218	2	\N	8	3	1	65	19
1219	4	\N	14	\N	\N	65	17
\.


--
-- Data for Name: points; Type: TABLE DATA; Schema: public; Owner: fooser
--

COPY public.points (id, correct, correct_alone, incorrect, not_given, outcomes, place, total) FROM stdin;
18	4	0	29	2	29	14	259
16	7	0	37	1	19	17	275
14	5	0	29	0	30	7	223
11	6	0	35	0	23	12	241
8	5	0	35	0	24	15	265
1	9	0	29	0	26	2	206
2	4	0	25	12	23	18	288
3	7	0	30	1	26	5	220
4	5	0	33	1	25	13	254
5	6	0	28	0	30	8	226
6	8	1	25	2	28	1	201
7	7	0	31	1	25	6	222
9	6	1	30	0	27	3	215
10	6	0	37	1	20	16	271
12	8	0	34	0	22	9	233
13	6	0	26	2	30	11	240
15	3	1	32	1	27	10	236
17	2	0	37	7	18	19	323
19	7	0	29	2	26	4	216
\.


--
-- Data for Name: team; Type: TABLE DATA; Schema: public; Owner: fooser
--

COPY public.team (id, long_code, name, short_code) FROM stdin;
25	QAT	Kataras	QAT
26	ECU	Ekvadoras	ECU
27	SEN	Senegalas	SEN
28	NLD	Nyderlandai	NLD
29	ENG	Anglija	ENG
30	IRN	Iranas	IRN
31	USA	JAV	USA
32	WLS	Velsas	WLS
33	ARG	Argentina	ARG
34	SAU	Saudo Arabija	SAU
35	MEX	Meksika	MEX
36	POL	Lenkija	POL
37	FRA	Prancūzija	FRA
38	AUS	Australija	AUS
39	DNK	Danija	DNK
40	TUN	Tunisas	TUN
41	ESP	Ispanija	ESP
42	CRI	Kosta Rika	CRI
43	DEU	Vokietija	DEU
44	JPN	Japonija	JPN
45	BEL	Belgija	BEL
46	CAN	Kanada	CAN
47	MAR	Marokas	MAR
48	HRV	Kroatija	HRV
49	BRA	Brazilija	BRA
50	SRB	Serbija	SRB
51	CHE	Šveicarija	CHE
52	CMR	Kamerūnas	CMR
53	PRT	Portugalija	PRT
54	GHA	Gana	GHA
55	URY	Urugvajus	URY
56	KOR	Pietų Korėja	KOR
\.


--
-- Name: auth_user_id_seq; Type: SEQUENCE SET; Schema: public; Owner: fooser
--

SELECT pg_catalog.setval('public.auth_user_id_seq', 19, true);


--
-- Name: game_id_seq; Type: SEQUENCE SET; Schema: public; Owner: fooser
--

SELECT pg_catalog.setval('public.game_id_seq', 65, true);


--
-- Name: guess_id_seq; Type: SEQUENCE SET; Schema: public; Owner: fooser
--

SELECT pg_catalog.setval('public.guess_id_seq', 1219, true);


--
-- Name: team_id_seq; Type: SEQUENCE SET; Schema: public; Owner: fooser
--

SELECT pg_catalog.setval('public.team_id_seq', 56, true);


--
-- Name: auth_user auth_user_pkey; Type: CONSTRAINT; Schema: public; Owner: fooser
--

ALTER TABLE ONLY public.auth_user
    ADD CONSTRAINT auth_user_pkey PRIMARY KEY (id);


--
-- Name: game game_pkey; Type: CONSTRAINT; Schema: public; Owner: fooser
--

ALTER TABLE ONLY public.game
    ADD CONSTRAINT game_pkey PRIMARY KEY (id);


--
-- Name: guess guess_pkey; Type: CONSTRAINT; Schema: public; Owner: fooser
--

ALTER TABLE ONLY public.guess
    ADD CONSTRAINT guess_pkey PRIMARY KEY (id);


--
-- Name: points points_pkey; Type: CONSTRAINT; Schema: public; Owner: fooser
--

ALTER TABLE ONLY public.points
    ADD CONSTRAINT points_pkey PRIMARY KEY (id);


--
-- Name: team team_pkey; Type: CONSTRAINT; Schema: public; Owner: fooser
--

ALTER TABLE ONLY public.team
    ADD CONSTRAINT team_pkey PRIMARY KEY (id);


--
-- Name: game uk1fwjmpor7qcx5vhxbaqgvqrat; Type: CONSTRAINT; Schema: public; Owner: fooser
--

ALTER TABLE ONLY public.game
    ADD CONSTRAINT uk1fwjmpor7qcx5vhxbaqgvqrat UNIQUE (team1_id, team2_id);


--
-- Name: team uk8li1tx8nusp9sob7jqttbfgky; Type: CONSTRAINT; Schema: public; Owner: fooser
--

ALTER TABLE ONLY public.team
    ADD CONSTRAINT uk8li1tx8nusp9sob7jqttbfgky UNIQUE (long_code);


--
-- Name: guess ukg90jxkcd3wmo2egnv1pfxkk0i; Type: CONSTRAINT; Schema: public; Owner: fooser
--

ALTER TABLE ONLY public.guess
    ADD CONSTRAINT ukg90jxkcd3wmo2egnv1pfxkk0i UNIQUE (game_id, user_id);


--
-- Name: team ukojxx2ca4tfd9biugl2nk19qhi; Type: CONSTRAINT; Schema: public; Owner: fooser
--

ALTER TABLE ONLY public.team
    ADD CONSTRAINT ukojxx2ca4tfd9biugl2nk19qhi UNIQUE (short_code);


--
-- Name: guess fk17wrv62yn4umhcoh8y608l16d; Type: FK CONSTRAINT; Schema: public; Owner: fooser
--

ALTER TABLE ONLY public.guess
    ADD CONSTRAINT fk17wrv62yn4umhcoh8y608l16d FOREIGN KEY (game_id) REFERENCES public.game(id);


--
-- Name: game fkehwjicpbm71ks5yyuo7co77qj; Type: FK CONSTRAINT; Schema: public; Owner: fooser
--

ALTER TABLE ONLY public.game
    ADD CONSTRAINT fkehwjicpbm71ks5yyuo7co77qj FOREIGN KEY (team2_id) REFERENCES public.team(id);


--
-- Name: game fkjnhlg2dqkrjvaai3e70ymw339; Type: FK CONSTRAINT; Schema: public; Owner: fooser
--

ALTER TABLE ONLY public.game
    ADD CONSTRAINT fkjnhlg2dqkrjvaai3e70ymw339 FOREIGN KEY (team1_id) REFERENCES public.team(id);


--
-- Name: guess fkkwbob4kg34y38d3gleoenp623; Type: FK CONSTRAINT; Schema: public; Owner: fooser
--

ALTER TABLE ONLY public.guess
    ADD CONSTRAINT fkkwbob4kg34y38d3gleoenp623 FOREIGN KEY (user_id) REFERENCES public.auth_user(id);


--
-- PostgreSQL database dump complete
--

